cultivo,lat,lon,presencia,ET0_media_diaria,ET0_anual_mm,deficit_media_diaria,deficit_anual_mm,pct_dias_deficit,dias_estres_papa_anual,dias_estres_maiz_anual,dias_estres_frejol_anual,dias_estres_quinua_anual,dias_secos_anual,cdd_max,eventos_sequia_7d,eventos_sequia_15d,dias_helada_anual,pr_anual_mm,indice_aridez,tmax_media_anual,tmin_media_anual,rango_termico_diurno
quinua,-1.783208,-78.668026,1,4.077092237717107,1489.157939826173,-2.1128377575817927,-771.71399095675,84.97745208568207,139.62915123208245,0.0,2.1206736189402475,0.0588258978901594,250.7189181027541,54.3,9.665095023353196,2.4706877113866965,0.0,717.444,0.4817773590618892,26.057886123657227,19.590803146362305,6.467069149017334
quinua,-1.736716,-78.760539,1,3.9644874402669688,1448.0290375575105,-2.075642790960569,-758.1285293983476,85.04106941536479,118.978319777742,0.0,1.0088641488162344,0.0323542438395876,242.95978217104204,55.5,8.8915344660976,2.4795115960702203,0.0,689.9005,0.4764402508315478,26.966411590576172,20.686660766601562,6.279777526855469
quinua,-2.033731,-78.52787,1,3.5859854880312434,1309.7811995034117,-0.4526750692011401,-165.3395690257164,78.9668223546465,17.591884764052182,0.0,0.0147064744725398,0.0,235.47124536962468,47.1,8.403279513609275,1.7088923337091315,0.0,1144.4417,0.8737593270127755,25.041919708251953,18.156789779663086,6.885112762451172
quinua,-0.807929,-78.9296,1,3.693763630503495,1349.1471660414018,0.1577137613557559,57.604951335189845,69.07553551296506,115.64583266226444,0.0,0.6588500563697857,0.0235303591560637,179.25133475599938,56.2,5.620814543404735,1.5971231277178286,0.0,1406.7522,1.0426972452194696,28.737197875976562,21.382944107055664,7.354296684265137
quinua,-1.696657,-78.710635,1,3.986212321328933,1455.9640503653925,-2.123740874473588,-775.696354401478,85.52182315992914,122.9020071670156,0.0,1.0794552262844257,0.0264716540505717,244.86868255757773,58.3,9.009186261877918,2.629517635690127,0.0,680.2677,0.467227975134488,26.966411590576172,20.686660766601562,6.279777526855469
quinua,-0.752033,-78.665743,1,3.826967101125292,1397.7997336860128,-1.3056117502297055,-476.8746917713999,79.6327911096795,107.55727170236752,0.0,0.4088399903366081,0.0,224.5972781446288,69.8,7.512067160573361,2.2089124657754877,0.0,920.925,0.6588401134978266,26.057886123657227,19.590803146362305,6.467069149017334
quinua,-4.035,-79.202222,1,4.113617845138688,1502.498917936906,-0.4220925683323534,-154.16931058339205,73.39507167015623,267.654894105331,0.0,1.8471331937510065,0.0411781285231116,177.36302343372523,42.9,5.288448220325334,1.0794552262844257,0.0,1348.3297,0.8973906959222215,30.623083114624023,23.53511619567871,7.087989807128906
quinua,-1.33333,-78.5,1,4.118504299392547,1504.2836953531282,-2.1397181810766703,-781.5320656382538,84.81961668545661,158.6799182638106,0.0,2.250090594298599,0.0529433081011434,236.25951240135288,46.2,8.473870591077468,1.71183362860364,0.0,722.75165,0.4804611325372431,25.041919708251953,18.156789779663086,6.885112762451172
quinua,-0.116667,-78.5,1,3.4524090194609918,1260.992394358127,0.4642031971546815,169.55021776074744,72.37638911257852,76.95898091480107,0.0,0.0852975519407312,0.0,212.56444073119664,66.4,6.520850781124175,2.014787002737961,0.0,1430.5426,1.1344609667353929,25.041919708251953,18.156789779663086,6.885112762451172
quinua,-1.5875,-79.03083,1,4.02054394520844,1468.5036759873824,-0.1113851502415469,-40.68342612572502,70.41230471895634,240.168493316154,0.0,7.982674343694636,0.3411902077629248,176.47475237558382,51.5,6.038478418424867,1.7030097439201155,0.0,1427.8203,0.9722938645722896,29.72907066345215,22.230512619018555,7.4985198974609375
quinua,0.08333,-78.5,1,3.4650314033779117,1265.602720083782,0.1778748376230988,64.96878444183685,77.59139958125301,189.6017514897729,0.0,0.2264797068771138,0.0,239.98907432758895,76.0,8.13562167820905,2.5765743275889834,0.0,1330.5715,1.051340238534236,25.041919708251953,18.156789779663086,6.885112762451172
quinua,-1.1,-78.61666,1,4.034122906881328,1473.4633917384049,-2.134966968491878,-779.7966852416586,85.17555161861814,134.9289619906587,0.0,2.750110726364954,0.0764736672572072,250.09242229022388,67.8,9.238607263649538,2.4736290062812047,0.0,693.6666,0.4707726066230983,26.057886123657227,19.590803146362305,6.467069149017334
quinua,-3.633,-79.233,1,3.8179989516967057,1394.5241171072216,-0.3895607819981198,-142.28707562481324,76.24577226606539,81.3179799484619,0.0,0.3411902077629248,0.0147064744725398,203.2022990819777,45.4,6.509085601546143,1.4912365115155417,0.0,1252.237,0.8979642633330199,30.623083114624023,23.53511619567871,7.087989807128906
quinua,0.233,-78.216,1,3.660778797473848,1337.0994557773224,-1.1079433770420946,-404.676318464625,80.45659526493799,102.95120389756804,0.0,0.2853056047672732,0.0,240.42438597197616,70.0,8.020911177323239,2.4206856981800606,0.0,932.42316,0.6973509132954367,23.729984283447266,15.161239624023438,8.568760871887207
quinua,-2.545,-78.8714,1,3.905280442098479,1426.4036814764695,-0.8067557815778578,-294.66754922131247,78.99742309550652,90.07127355451762,0.0,0.6000241584796262,0.0235303591560637,218.5529171364149,39.7,7.188524722177486,1.3441717667901432,0.0,1131.7361,0.793415041116586,27.836578369140625,21.32412338256836,6.512437343597412
quinua,-0.3667,-78.8,1,3.51642003930798,1284.372419357239,2.3636438290037227,863.3209085436098,67.35947817684007,168.84797471412463,0.0,0.0676497825736833,0.0,187.75461829602187,61.1,5.423747785472701,1.470647447253986,0.0,2147.693,1.6721828309977211,26.966411590576172,20.686660766601562,6.279777526855469
quinua,-0.174312,-78.609735,1,3.4121542546355657,1246.2893415056406,1.6696384568220757,609.835446354263,69.07311966500241,98.25101465614428,0.0,0.0205890642615558,0.0,203.57290223868577,66.9,6.200249637622806,1.7500704622322438,0.0,1856.1248,1.48932873551314,26.057886123657227,19.590803146362305,6.467069149017334
quinua,-3.449604,-79.965797,1,4.594039624841594,1677.9729729733915,-2.083896526041096,-761.1432061365101,86.75712675148979,365.14705467869214,2.511865839909808,274.5581132227411,136.64373691415688,262.7076360927685,113.4,9.4827347398937,4.200169109357384,0.0,916.8299,0.5463933668517003,30.925806045532227,23.84659194946289,7.079246520996094
quinua,-0.133333,-78.183333,1,3.438425418163209,1255.884883984112,-0.5147553415770093,-188.01438851100264,72.11628281526815,18.556629489450795,0.0,0.0,0.0,167.62439603800934,31.2,3.6442643742953775,0.3794270413915284,0.0,1067.8705,0.8502925707700723,23.162927627563477,14.356684684753418,8.80624771118164
quinua,-0.097462,-78.430135,1,3.870207073431164,1413.5931335707323,-1.5157273560844244,-553.619416809836,80.32372362699309,216.8557899822837,0.0,13.977033338701885,0.844151634723788,235.5683081011435,76.1,7.832668304074732,2.5706917377999674,0.0,859.97375,0.6083628748653084,25.659221649169922,17.483850479125977,8.175352096557617
quinua,-3.455499,-79.967928,1,4.594023751036,1677.9671750658988,-2.083880652235507,-761.137408229019,86.75712675148979,365.14705467869214,2.511865839909808,274.5581132227411,136.64373691415688,262.7076360927685,113.4,9.4827347398937,4.200169109357384,0.0,916.8299,0.5463952549030793,30.925806045532227,23.84659194946289,7.079246520996094
quinua,-1.153542,-78.543667,1,4.127510079806969,1507.5730566494956,-2.192058782251012,-800.6494702171823,85.65308423256563,171.61573320985664,0.0,3.2236592043807377,0.0617671927846674,247.2217184731841,53.5,9.288609276856176,2.2647970687711383,0.0,706.92365,0.4689146362800223,25.041919708251953,18.156789779663086,6.885112762451172
quinua,0.05,-78.233333,1,3.725874515663608,1360.8756668461326,-1.4866191225061982,-542.9876344953889,82.33531969721372,129.02872443227574,0.0,0.9676860202931228,0.0235303591560637,245.4687067160573,72.5,8.409162103398291,2.6765783540022547,0.0,817.88806,0.601003368117399,24.17557144165039,15.478675842285156,8.696881294250488
quinua,-0.194568,-78.493005,1,3.85308227466166,1407.3383008201713,-1.1594249768472258,-423.4799727934492,76.94314704461266,208.3936845707843,0.0,8.426809872765341,0.417663875020132,221.40891447898213,67.2,7.1120510549202764,2.232442824931551,0.0,983.8584,0.6990936985382382,25.659221649169922,17.483850479125977,8.175352096557617
quinua,-1.427421,-78.767071,1,3.71872272688046,1358.2634759930884,-1.8055725835322012,-659.4853861351367,83.72443227572879,46.10479747141246,0.0,0.0323542438395876,0.0,231.05930302786268,52.2,7.9356136253825085,1.8500744886455145,0.0,698.77814,0.514464634849414,26.966411590576172,20.686660766601562,6.279777526855469
quinua,-0.21667,-78.25,1,3.539939024495145,1292.9627286968516,-0.5461710770392351,-199.48898588858052,71.7450475116766,40.63987155741664,0.0,0.0058825897890159,0.0,159.50642212916733,28.6,3.5207299887260426,0.3853096311805443,0.0,1093.4738,0.8457116659552002,24.17557144165039,15.478675842285156,8.696881294250488
quinua,-0.4167,-78.5833,1,3.684278585364143,1345.6827533042529,0.0894322485179024,32.66512877116385,67.29022386857787,106.43957964245448,0.0,0.1294169753583507,0.0,176.70123208246096,51.1,5.076674987920759,1.2412264454823645,0.0,1378.3479,1.0242775570583498,25.041919708251953,18.156789779663086,6.885112762451172
quinua,0.5,-78.1667,1,3.6720908569677233,1341.2311855074604,-1.274573109440104,-465.5378282229979,81.83201803833146,199.4197938476405,0.0,1.4735887421484943,0.0352955387340956,230.9181208729264,59.3,7.467947737155742,2.303033902399742,0.0,875.69336,0.6529037652478731,25.218109130859375,17.39214515686035,7.825974941253662
quinua,0.616667,-77.7833,1,3.601272206691243,1315.3646734939762,-0.1115712591733395,-40.751402413062266,70.84796263488485,29.11881945562892,0.0,0.0,0.0,168.71267514897733,22.9,3.376606538895152,0.3029533741343212,0.0,1274.6133,0.9690059449739818,22.249088287353516,13.034960746765137,9.214146614074707
quinua,-0.516667,-78.5667,1,3.668799342638292,1340.0289598986365,-0.4701894302203142,-171.73668938796976,75.94781768400708,70.97344580447738,0.0,0.0176477693670478,0.0,209.72314986310192,62.0,6.612030922853921,1.894193912063134,0.0,1168.2922,0.8718448859569714,25.041919708251953,18.156789779663086,6.885112762451172
quinua,-0.5,-78.1667,1,3.3626577333538954,1228.21073710751,0.8921035263021537,325.84081298186163,60.12401352874858,4.347233854082783,0.0,0.0,0.0,122.02844258334676,20.9,1.470647447253986,0.0941214366242551,0.0,1554.0516,1.2652977020959717,23.162927627563477,14.356684684753418,8.80624771118164
quinua,0.66,-77.83,1,3.604252546634505,1316.4532426582527,-0.6385680878270266,-233.2369940788214,74.32758898373328,32.618960380093405,0.0,0.0029412948945079,0.0,185.2515763407956,28.0,4.411942341761959,0.5676699146400386,0.0,1083.2163,0.8228190291614261,22.29903221130371,13.105870246887207,9.193154335021973
quinua,0.83,-77.75,1,3.6988109495734895,1350.990699331717,-0.3611780151025374,-131.92027001620175,72.24593332259623,40.27809228539217,0.0,0.0117651795780318,0.0,147.1765139313899,21.6,2.3530359156063776,0.2294210017716218,0.0,1219.0704,0.9023393425903676,22.546249389648438,12.879328727722168,9.666911125183105
quinua,0.16,-78.5,1,3.504510889119844,1280.0226022510226,0.6765557350009168,247.1119822090849,76.49540988887098,278.0464889676276,0.0,0.7647366725720726,0.0029412948945079,233.7652943308101,75.2,7.850316073441777,2.3530359156063776,0.0,1527.1345,1.1930585402187046,25.995258331298828,19.32974624633789,6.665544033050537
quinua,0.76,-77.91,1,3.433243919730349,1253.99234168151,-0.5066223516579698,-185.04381394307345,73.97004348526332,16.256536881945564,0.0,0.0,0.0,179.90136092768563,33.5,4.370764213238847,0.6500261716862619,0.0,1068.9486,0.8524239649079638,21.412212371826172,12.733478546142578,8.678743362426758
quinua,-0.95,-78.66,1,4.045270437499161,1477.5350272965688,-1.9423428884934344,-709.4407400222269,83.39265582219357,141.80276815912387,0.0,3.5913210661942343,0.100004026413271,246.15402842647768,75.4,8.800354324367852,2.6648131744242227,0.0,768.09436,0.5198485938804506,26.057886123657227,19.590803146362305,6.467069149017334
quinua,-0.93,-78.56,1,4.001662852140199,1461.607356744208,-1.8113921771986896,-661.6109927218213,82.97390884200355,133.10535915606377,0.0,1.708892333709132,0.0235303591560637,244.88633032694477,62.3,8.941536479304235,2.635400225479143,0.0,799.9964,0.5473392856313486,25.041919708251953,18.156789779663086,6.885112762451172
quinua,0.16,-78.58,1,3.504510889119844,1280.0226022510226,0.6765557350009168,247.1119822090849,76.49540988887098,278.0464889676276,0.0,0.7647366725720726,0.0029412948945079,233.7652943308101,75.2,7.850316073441777,2.3530359156063776,0.0,1527.1345,1.1930585402187046,25.995258331298828,19.32974624633789,6.665544033050537
quinua,-1.0,-78.6,1,4.001654997049121,1461.604487672191,-1.811384322107608,-661.6081236498037,82.97551940731196,133.10535915606377,0.0,1.708892333709132,0.0235303591560637,244.88633032694477,62.3,8.941536479304235,2.635400225479143,0.0,799.9964,0.5473403597821782,25.041919708251953,18.156789779663086,6.885112762451172
quinua,-0.08,-78.08,1,3.4208942822516284,1249.4816365924073,-0.2424145241956664,-88.5419049624672,71.92865195683684,13.203472781446289,0.0,0.0,0.0,177.89833910452566,29.5,3.9413351586406815,0.4588420035432435,0.0,1160.9397,0.9291356950655648,21.558897018432617,12.820033073425293,8.738866806030273
quinua,-0.83,-78.6,1,3.966266824235015,1448.6789575518392,-1.6107615630179104,-588.3306608922918,81.61217587373167,129.52286197455308,0.0,1.3265239974230956,0.0205890642615558,237.8183986954421,65.6,8.34151232082461,2.4706877113866965,0.0,860.34827,0.5938850692765716,25.041919708251953,18.156789779663086,6.885112762451172
quinua,-1.41,-78.58,1,3.960715726799495,1446.6514192135155,-1.926133045315974,-703.5200948016594,83.70107907875663,108.50436865839907,0.0,0.3147185537123529,0.0,234.03589346110485,45.7,8.359160090191658,1.579475358350781,0.0,743.1313,0.5136899227411839,25.041919708251953,18.156789779663086,6.885112762451172
quinua,-0.95,-78.5,1,4.001661163994338,1461.6067401489315,-1.811390489052832,-661.6103761265468,82.97471412465777,133.10535915606377,0.0,1.708892333709132,0.0235303591560637,244.88633032694477,62.3,8.941536479304235,2.635400225479143,0.0,799.9964,0.5473395164598426,25.041919708251953,18.156789779663086,6.885112762451172
quinua,-1.41,-78.66,1,3.836538045305408,1401.2955210478003,-1.9536203133708745,-713.5598194587117,84.36141085521017,67.57036761153165,0.0,0.0735323723626993,0.0,236.6507046223224,42.9,8.388573039136736,1.6853619745530684,0.0,687.7357,0.4907854698739414,26.057886123657227,19.590803146362305,6.467069149017334
quinua,0.15,-78.1,1,3.542450756517302,1293.8801388179445,-1.0741807416083842,-392.34451587246224,80.65469479787406,34.82493155097439,0.0,0.0058825897890159,0.0,240.5596855371235,46.7,8.347394910613625,1.988315348687389,0.0,901.53564,0.6967696034352393,22.160184860229492,13.3174409866333,8.842743873596191
quinua,-0.88,-78.08,1,3.6478414774969927,1332.3740996557767,5.15312217747866,1882.1778753240803,56.58640682879691,92.9478599613464,0.0,0.0,0.0,131.96707803188917,23.4,2.0559651312610727,0.1176517957803188,0.0,3214.5518,2.4126513092857858,21.558897018432617,12.820033073425293,8.738866806030273
quinua,-1.93,-78.58,1,3.7492624089874047,1369.4180948826497,-1.0122847284378698,-369.7369970619319,80.59027218553713,46.54305041069415,0.0,0.0735323723626993,0.0,246.82758495732,48.6,9.335669995168304,2.2677383636656465,0.0,999.68115,0.7300021604152491,25.041919708251953,18.156789779663086,6.885112762451172
quinua,-1.68,-78.61,1,4.1180366737369365,1504.112895082416,-2.22429775250155,-812.424754101191,85.59107746819132,148.37656224834916,0.0,3.220717909486229,0.0852975519407312,251.66307376389108,54.3,9.765099049766466,2.529513609276856,0.0,691.6882,0.4598637352677847,26.057886123657227,19.590803146362305,6.467069149017334
quinua,-1.66,-78.95,1,3.8622931837778864,1410.7025853748733,-1.348590534511742,-492.5726927304137,78.68094701240135,125.39034264776936,0.0,1.558886294089225,0.0558846029956514,211.8526473667257,60.0,7.373826300531488,2.153027862779836,0.0,918.13,0.6508308215862935,28.737197875976562,21.382944107055664,7.354296684265137
quinua,-0.83,-78.08,1,3.647928488278834,1332.405880343844,5.153035166696819,1882.1460946360123,56.58640682879691,92.9478599613464,0.0,0.0,0.0,131.96707803188917,23.4,2.0559651312610727,0.1176517957803188,0.0,3214.5518,2.4125937630282626,21.558897018432617,12.820033073425293,8.738866806030273
quinua,-2.91,-79.0,1,4.103260556677441,1498.7159183264353,-0.201410824340645,-73.5653035904206,80.18682557577709,140.41153567402156,0.0,0.2794230149782574,0.0,259.6339829280077,62.9,10.271001771621837,3.0295337413432115,0.0,1425.1506,0.9509115653719312,29.72907066345215,22.230512619018555,7.4985198974609375
quinua,-1.333333,-78.7,1,3.82064451921173,1395.4904106420845,-1.89477090342977,-692.0650724777234,84.37993235625704,71.10580407473023,0.0,0.1294169753583507,0.0,235.3212393300048,53.3,8.276803833145433,1.9677262844258332,0.0,703.42535,0.5040700667759557,26.966411590576172,20.686660766601562,6.279777526855469
quinua,-0.966667,-78.666667,1,4.045272138943179,1477.5356487489958,-1.9423445899374563,-709.4413614746557,83.39346110484779,141.80276815912387,0.0,3.5913210661942343,0.100004026413271,246.15402842647768,75.4,8.800354324367852,2.6648131744242227,0.0,768.09436,0.5198483751597944,26.057886123657227,19.590803146362305,6.467069149017334
quinua,-1.564272,-78.463036,1,3.5330091767725174,1290.431601816162,0.5911179999309929,215.9058494747951,72.38283137381221,11.882831373812207,0.0,0.0,0.0,202.87581534868735,39.4,6.541439845385729,0.9912163794491866,0.0,1506.3374,1.1673136061996847,25.659221649169922,17.483850479125977,8.175352096557617
quinua,-15.475205,-70.113272,1,3.2970108545877546,1204.233214638177,-1.3751876933970657,-502.2873050132783,79.3767112256402,0.0,0.0,0.0,0.0,235.79184651312613,134.7,6.885571348043163,3.100124818811403,134.2495228700273,701.9459,0.5828997216636604,23.804828643798828,15.26817512512207,8.536669731140137
quinua,-13.420705,-71.868188,1,3.959233591393179,1446.1100692563584,-2.0766632575738493,-758.5012548288485,83.9185053953938,2.100084554678692,0.0,0.0,0.0,222.56484337252377,99.6,6.900277822515703,3.1118899983894344,65.15850579803511,687.60876,0.47548865563686,23.804828643798828,15.26817512512207,8.536669731140137
quinua,-13.429,-71.841545,1,3.959105761022721,1446.063379213549,-2.076535427203395,-758.4545647860401,83.9185053953938,2.100084554678692,0.0,0.0,0.0,222.56484337252377,99.6,6.900277822515703,3.1118899983894344,65.15850579803511,687.60876,0.4755040080961805,23.804828643798828,15.26817512512207,8.536669731140137
quinua,-12.109786,-77.032875,1,2.5389568793758484,927.3540001920286,-2.519246011335512,-920.1546056402956,99.99194717345787,24.648051215976807,0.0,0.0,0.0,365.0411680624899,5437.9,0.1970667579320341,0.1853015783540022,0.0,7.199395,0.0077634991265075,23.804828643798828,15.26817512512207,8.536669731140137
quinua,-15.7284,-70.0593,1,3.225766733910896,1178.2112995609546,-1.1906548731993278,-434.8866924360544,78.04235786761153,0.0,0.0,0.0,0.0,230.8181168465131,136.6,6.647326461588017,3.0324750362377197,99.08045981639552,743.3246,0.6308930968905019,23.804828643798828,15.26817512512207,8.536669731140137
quinua,-15.647679,-71.731198,1,3.6312004047985,1326.295947852652,-2.451208812438372,-895.3040187431152,88.48284747946528,0.0,0.0,0.0,0.0,282.5290223868577,205.7,6.814980270574971,3.982513287163795,189.02231639555484,430.99194,0.3249589164970951,23.804828643798828,15.26817512512207,8.536669731140137
quinua,-15.609329,-72.089623,1,3.740237958910471,1366.121914492049,-2.9896635909378992,-1091.9746265900674,93.39507167015624,0.0,0.0,0.0,0.0,305.12404976646803,246.0,6.344373087453696,3.6442643742953775,3.36484135931712,274.14728,0.2006766304932832,23.804828643798828,15.26817512512207,8.536669731140137
quinua,-17.662696,-70.144769,1,4.041191783786969,1476.04529902819,-3.81503879022836,-1393.4429181309083,98.7952971492994,4.747249959735867,0.0,0.0,0.0,340.554888065711,309.0,4.926668948300853,2.9236471251409246,0.1235343855693348,82.60238,0.0559619415674113,23.804828643798828,15.26817512512207,8.536669731140137
quinua,-15.960278,-69.758889,1,3.2092961468176875,1172.1954176251606,-1.0381675522132707,-379.1906984458972,77.54227733934611,0.0,0.0,0.0,0.0,232.4299464487035,124.7,7.22382026091158,3.1148312932839426,129.72287002737957,793.00476,0.6765123882387791,23.804828643798828,15.26817512512207,8.536669731140137
quinua,-15.628889,-69.833056,1,3.0710216419801317,1121.690654733243,-0.8418127142576373,-307.47209388260194,76.10806893219521,0.0,0.0,0.0,0.0,229.79748751811888,118.3,7.029694797874053,3.144244242229022,106.50134683523918,814.2186,0.7258855040479134,23.804828643798828,15.26817512512207,8.536669731140137
quinua,-16.270833,-69.205,1,2.994508765530443,1093.7443266099945,-0.771434044767991,-281.7662848515087,75.47350620067644,0.0,0.0,0.0,0.0,231.98875221452727,125.4,7.57089305846352,3.353076179739088,102.22764535351908,811.9781,0.7423847015615239,23.804828643798828,15.26817512512207,8.536669731140137
quinua,-9.17,-77.58,1,3.100243430695964,1132.3639130617007,-0.760923052816984,-277.9271450414034,76.50346271541312,0.0,0.0,0.0,0.0,229.30923256563057,134.3,6.162012803994201,2.723639072314382,6.994399259139958,854.4368,0.7545612851483765,23.804828643798828,15.26817512512207,8.536669731140137
quinua,-14.135472,-75.7395,1,5.245895260377475,1916.0632438528723,-5.221349199059844,-1907.097794956608,99.99838943469156,343.64324770494443,2.976590433242068,173.51580971170878,86.53877838621356,364.0058322596232,1491.9,0.9147427121919792,0.8147386857787083,0.0,8.965448,0.0046791037095818,23.804828643798828,15.26817512512207,8.536669731140137
quinua,-16.2744,-70.1653,1,3.264968754427938,1192.5298375548043,-1.3575038023233548,-495.82826379860535,79.02641327105815,0.0,0.0,0.0,0.0,235.77125744886453,132.9,7.126757529392816,3.282485102270897,240.7214567563214,696.70154,0.5842226661453525,23.804828643798828,15.26817512512207,8.536669731140137
quinua,-11.8,-75.5,1,3.6766298126012864,1342.8890390526196,-1.752800995669022,-640.2105636681102,80.69415364793042,0.0352955387340956,0.0,0.0,0.0,211.784997584152,103.2,6.306136253825092,2.991296907714608,51.860911579964565,702.6785,0.5232592121447587,23.804828643798828,15.26817512512207,8.536669731140137
quinua,-13.67337,-71.925346,1,4.179364459492998,1526.512868829817,-2.22122387726622,-811.3020211714869,83.72121114511194,10.341592849090029,0.0,0.0,0.0,222.2854203575455,143.7,5.376687067160573,2.7736410855210183,12.48873812208085,715.21094,0.4685261543396316,23.804828643798828,15.26817512512207,8.536669731140137
quinua,-16.2833,-69.2833,1,2.9943412820804687,1093.6831532798913,-0.7712665613180152,-281.705111521405,75.47431148333064,0.0,0.0,0.0,0.0,231.98875221452727,125.4,7.57089305846352,3.353076179739088,102.22764535351908,811.9781,0.7424262255111839,23.804828643798828,15.26817512512207,8.536669731140137
quinua,-12.5,-72.5,1,4.14867446763554,1515.303349303881,3.635099669310743,1327.7201542157486,56.45756160412304,264.1341641166049,0.0,2.2147950555645037,0.0441194234176195,138.167327669512,47.7,4.520770252858753,1.0794552262844257,0.0,2843.0237,1.8762091295291383,23.804828643798828,15.26817512512207,8.536669731140137
quinua,-13.42,-72.03,1,4.09197017781206,1494.5921074458547,-2.241971223207595,-818.8799892765741,84.39764857464971,7.626777661459172,0.0,0.0,0.0,229.4739450797229,128.0,6.09142172652601,3.135420357545498,37.9632932034144,675.7121,0.4521051964239085,23.804828643798828,15.26817512512207,8.536669731140137
quinua,-12.222778,-76.849722,1,3.739703142203824,1365.9265726899469,-3.710669425168221,-1355.3220075426923,100.0,152.87380214205186,0.0,13.929972620389757,0.2735404251892414,364.8117470607183,3355.9,0.3853096311805443,0.3676618618134964,0.0,10.604566,0.0077637679480781,23.804828643798828,15.26817512512207,8.536669731140137
quinua,-13.433333,-72.133333,1,4.115474850911914,1503.1771892955762,-2.121229604942148,-774.7791132051195,83.07215332581734,9.018010146561442,0.0,0.0,0.0,220.2647507650185,124.8,6.156130214205186,3.061887985182799,48.09017152520535,728.3981,0.4845729026154391,23.804828643798828,15.26817512512207,8.536669731140137
quinua,-15.0,-70.0,1,3.362009853190724,1227.974098877912,-1.5259110490161505,-557.339010653149,80.42438395876952,0.0,0.0,0.0,0.0,228.1180081333548,127.9,6.170836688677726,2.9471774842969887,158.02400950233533,670.63513,0.5461318868422669,23.804828643798828,15.26817512512207,8.536669731140137
quinua,-13.0,-71.5,1,4.527422223780296,1653.640967235753,5.833017067633607,2130.5094839531744,56.6065388951522,359.2585822998872,0.0088238846835239,64.98202810436462,5.170796424545014,141.22039177001128,39.0,4.329586084715734,0.7912083266226445,0.0,3784.151,2.2883731045246263,23.804828643798828,15.26817512512207,8.536669731140137
quinua,-14.41667,-69.33333,1,3.5153419745621277,1283.9786562088168,-0.7530992822894198,-275.06951285621057,70.5878563375745,0.0,0.0,0.0,0.0,158.5416774037687,48.0,5.5002214527299085,1.3059349331615395,24.968652359478178,1008.9093,0.7857683685419505,23.804828643798828,15.26817512512207,8.536669731140137
quinua,-14.5,-69.33333,1,3.5140958017732493,1283.5234915976794,-0.751853109500541,-274.6143482450725,70.58463520695764,0.0,0.0,0.0,0.0,158.5416774037687,48.0,5.5002214527299085,1.3059349331615395,24.968652359478178,1008.9093,0.7860470185036768,23.804828643798828,15.26817512512207,8.536669731140137
quinua,-16.45,-70.23333,1,3.2965438580048123,1204.0626441362574,-1.7601090739562388,-642.8798392625162,82.71943952327267,0.0,0.0,0.0,0.0,251.8042559188275,148.5,7.388532775004028,3.750150990497664,279.68479022386856,561.1828,0.4660752236448482,23.804828643798828,15.26817512512207,8.536669731140137
quinua,-15.13333,-70.11667,1,3.388144850564239,1237.519906668588,-1.4982013260897893,-547.2180343542955,80.17394105330972,0.0,0.0,0.0,0.0,235.8565550008053,132.6,6.732624013528747,3.0060033821871475,126.37273514253502,690.3019,0.5578115822372005,23.804828643798828,15.26817512512207,8.536669731140137
quinua,-13.5,-71.9667,1,3.991872109034996,1458.031287825032,-2.121095334141802,-774.7300707952932,83.97648574649702,3.376606538895152,0.0,0.0,0.0,230.30339023997425,118.5,6.326725318086647,3.1295377677564824,57.0758274279272,683.3012,0.4686471047786872,23.804828643798828,15.26817512512207,8.536669731140137
quinua,-7.94,-78.29,1,3.53860606656762,1292.4758658138228,-0.373915413594013,-136.5726048152132,66.45111934288934,0.0,0.0,0.0,0.0,163.87424504751164,82.7,4.867843050410693,1.991256643581897,0.6676739410533097,1155.9033,0.894333941308996,24.17557144165039,15.478675842285156,8.696881294250488
quinua,-6.19,-78.59,1,4.179733633310527,1526.64770956667,-1.642349773963628,-599.868254940215,79.63037526171686,302.176872282171,0.0,1.5000603961990655,0.0117651795780318,201.8934228539217,53.4,6.947338540827832,1.917724271219198,0.0,926.7795,0.6070703704603506,25.041919708251953,18.156789779663086,6.885112762451172
quinua,-5.22,-80.26,1,5.236025774620121,1912.4584141799987,-4.210522979018824,-1537.8935180866256,95.35512965050734,365.0499919471735,18.24191093573845,288.94398655177963,170.19508777580933,327.53377556772426,278.6,5.732583749396037,3.0765944596553387,0.0,374.5649,0.1958546629577475,30.925806045532227,23.84659194946289,7.079246520996094
quinua,-9.41,-77.69,1,3.6372328258073727,1328.4992896261429,-1.5093138481874124,-551.2768830504524,79.33725237558383,0.0058825897890159,0.0,0.0,0.0,233.9711849734257,145.6,5.235504912224191,2.29126872282171,4.279584071509099,777.22235,0.5850382235971832,23.804828643798828,15.26817512512207,8.536669731140137
quinua,-13.89,-73.99,1,3.590188583509557,1311.3163801268656,-1.4968260331129692,-546.7157085945121,79.61024319536158,0.1058866162022869,0.0,0.0,0.0,227.71505073280724,110.1,7.735605572555967,3.429549846996295,0.0441194234176195,764.60077,0.5830793361995641,23.804828643798828,15.26817512512207,8.536669731140137
quinua,-2.42,-72.17,1,4.521498205750897,1651.4772196505146,3.913751594006776,1429.4977697109748,39.80028990175552,364.6146803027863,8.091502254791433,288.2910190851989,134.79072113061687,44.35178571428571,11.3,0.2529513609276856,0.0,0.0,3080.975,1.8655897771276584,23.804828643798828,15.26817512512207,8.536669731140137
quinua,-16.0,-72.25,1,4.028342261640079,1471.3520110640386,-3.65068940511892,-1333.4143052196855,97.49798679336448,0.8706232887743596,0.0,0.0,0.0,332.2604364631986,292.3,5.306095989692381,3.13247906265099,0.0823562570462232,137.93771,0.0937494204863679,23.804828643798828,15.26817512512207,8.536669731140137
quinua,-9.573426,-77.654289,1,3.708999156062676,1354.711941751892,-1.916267853714832,-699.9168335693423,81.1282009985505,0.0147064744725398,0.0,0.0,0.0,224.7619906587212,146.6,4.403118457078434,1.9383133354807536,6.029654533741343,654.79517,0.4833468416142102,23.804828643798828,15.26817512512207,8.536669731140137
quinua,-16.066539,-70.086258,1,3.304132028871696,1206.834223545387,-1.2378836804125446,-452.1370142706819,78.15912385247222,0.0,0.0,0.0,0.0,234.7035674021581,138.8,6.962045015300369,3.194246255435657,167.70675229505554,754.69714,0.6253537981765691,23.804828643798828,15.26817512512207,8.536669731140137
quinua,-8.522718,-74.11416,1,4.824616662831606,1762.1912360992442,0.4607463698614872,168.28761159190827,66.51312610726366,365.01469640843936,11.688705910774685,322.50710259301013,169.17739974230952,135.9290022547914,35.4,3.706031567080045,0.6117893380576581,0.0,1930.4789,1.0954999231974398,23.804828643798828,15.26817512512207,8.536669731140137
quinua,-16.202601,-68.918744,1,3.139546319846572,1146.7192933239603,-0.9409833668033674,-343.6941747249299,77.27009180222258,0.0,0.0,0.0,0.0,237.25072878080204,115.5,7.8856116121758735,3.4530802061523587,119.96659486229665,803.02515,0.7002823566725805,23.804828643798828,15.26817512512207,8.536669731140137
quinua,-16.381213,-68.417056,1,3.271657257484469,1194.9728132962025,-1.4866047541560503,-542.9823864554972,81.7587373167982,0.0,0.0,0.0,0.0,241.96562449669835,118.6,7.81796182960219,3.773681349653728,168.8715050732807,651.9904,0.5456123697853454,23.804828643798828,15.26817512512207,8.536669731140137
quinua,-16.491004,-68.101063,1,3.144255318420724,1148.4392550531695,-1.446379416507753,-528.2900818794568,82.0913190529876,0.0,0.0,0.0,0.0,227.07678974069896,95.5,7.712075213399903,3.356017474633597,207.86425148977293,620.14923,0.5399947086642057,23.804828643798828,15.26817512512207,8.536669731140137
quinua,-15.836111,-69.005278,1,3.1868635818917976,1164.001923285979,-1.14596547189637,-418.5638886101492,78.17281365759382,0.0,0.0,0.0,0.0,241.28324408117248,121.3,7.500301980995329,3.282485102270897,102.89237799967786,745.43805,0.6404094183022732,23.804828643798828,15.26817512512207,8.536669731140137
quinua,-15.936944,-68.719722,1,3.150350513327758,1150.6655249929636,-1.0373009867192915,-378.8741853992213,78.25253664036077,0.0,0.0,0.0,0.0,239.1772769367048,122.4,7.44147608310517,3.3207219358995004,94.7096956031567,771.7914,0.6707342736326094,23.804828643798828,15.26817512512207,8.536669731140137
quinua,-16.266667,-68.85,1,3.1371695647502618,1145.851183525033,-1.0148105670888747,-370.6595596292114,78.12530198099532,0.0,0.0,0.0,0.0,240.7891065388952,119.5,7.882670317281367,3.5207299887260426,114.66049887260426,775.19165,0.6765221284652536,23.804828643798828,15.26817512512207,8.536669731140137
quinua,-16.782222,-68.729444,1,3.205444438453916,1170.7885811452925,-1.5061546290747958,-550.1229782695693,82.18151071025929,0.0,0.0,0.0,0.0,241.25971372201644,109.8,7.694427444032856,3.767798759864713,190.934158076985,620.66565,0.5301273444507894,23.804828643798828,15.26817512512207,8.536669731140137
quinua,-18.059722,-67.005833,1,3.214346663855117,1174.0401189730817,-2.46982366111889,-902.1030922236748,93.91850539539378,0.0,0.0,0.0,0.0,282.7290304396843,153.4,9.153309711708808,4.979612256401997,174.4334937187953,271.937,0.2316248283535734,23.804828643798828,15.26817512512207,8.536669731140137
quinua,-17.233333,-67.966667,1,3.3629753844616586,1228.3267591746203,-2.512134988962814,-917.5573047186678,92.86922209695604,0.0,0.0,0.0,0.0,276.2846533258174,134.7,8.650348284747945,4.850195281043645,182.5161720889032,310.76947,0.253002562051426,23.804828643798828,15.26817512512207,8.536669731140137
quinua,-17.369722,-67.683611,1,3.297262749001592,1204.3252190728313,-2.5240118965459923,-921.8953452134238,93.46432597841844,0.0,0.0,0.0,0.0,282.1084172169432,150.2,8.438575052343372,4.832547511676597,197.87855532291832,282.42987,0.2345132678054253,23.804828643798828,15.26817512512207,8.536669731140137
quinua,-16.28,-68.62,1,3.21132030235622,1172.9347404356092,-1.2459321676819863,-455.0767242458455,79.7495570945402,0.0,0.0,0.0,0.0,244.69514615880172,119.2,7.80619665002416,3.685442502818489,129.08166774037687,717.85803,0.6120202471613662,23.804828643798828,15.26817512512207,8.536669731140137
quinua,-16.96666,-67.21666,1,3.0000032293685672,1095.751179526869,-1.4338516952450413,-523.7143316882513,82.43195361571911,0.0,0.0,0.0,0.0,219.99709292961825,59.2,7.947378804960541,2.388331454340473,162.05358350781125,572.03687,0.5220504836693423,23.804828643798828,15.26817512512207,8.536669731140137
quinua,-16.63333,-68.05,1,3.271211826192533,1194.8101195168229,-2.09816609345988,-766.3551656362212,89.11741021098405,0.0,0.0,0.0,0.0,254.56024923498143,121.6,8.315040666774037,4.053104364631986,40.431039619906585,428.45493,0.3585977093658524,23.804828643798828,15.26817512512207,8.536669731140137
quinua,-17.67,-67.07,1,3.3874874009331277,1237.2797731908245,-2.5731904325417765,-939.8578054858838,93.48928974069898,0.0,0.0,0.0,0.0,279.38183684973427,145.4,8.941536479304235,4.941375422773393,215.1616041230472,297.422,0.2403839681191709,23.804828643798828,15.26817512512207,8.536669731140137
quinua,-15.216667,-69.016667,1,3.010528750092465,1099.5956259712727,-0.5835461788637637,-213.1402418299897,74.0932517313577,0.0,0.0,0.0,0.0,216.6528406345627,82.1,7.465006442261233,2.808936624255113,129.9346432597842,886.4554,0.806165450446942,23.804828643798828,15.26817512512207,8.536669731140137
quinua,-16.5,-68.15,1,3.1441245126585944,1148.3914782485515,-1.4462486107456294,-528.242305074841,82.09051377033339,0.0,0.0,0.0,0.0,227.07678974069896,95.5,7.712075213399903,3.356017474633597,207.86425148977293,620.14923,0.5400171741289972,23.804828643798828,15.26817512512207,8.536669731140137
quinua,-16.18888,-67.72694,1,3.4937961714267622,1276.1090516136246,-0.732689027346302,-267.6146672382368,73.40956675793203,16.53890119181833,0.0,0.0,0.0,177.11595466258655,44.3,6.288488484458044,1.5324146400386534,0.0,1008.49445,0.7902900482650217,23.804828643798828,15.26817512512207,8.536669731140137
quinua,-17.0,-68.0,1,3.214418031823421,1174.0661861235044,-2.247327602552284,-820.8364068322217,91.1483330649058,0.0,0.0,0.0,0.0,272.96099009502336,155.1,7.888552907070382,4.4325314060235135,173.8040566113706,353.2298,0.3008609191118424,23.804828643798828,15.26817512512207,8.536669731140137
quinua,-17.23333,-67.91667,1,3.3629754308198505,1228.3267761069503,-2.512135035321005,-917.5573216509972,92.86922209695604,0.0,0.0,0.0,0.0,276.2846533258174,134.7,8.650348284747945,4.850195281043645,182.5161720889032,310.76947,0.2530025585638181,23.804828643798828,15.26817512512207,8.536669731140137
quinua,0.92788,-77.80493,1,3.4997458091803297,1278.2821568031154,0.1129765815350265,41.26469640566846,67.00676437429539,20.00374657754872,0.0,0.0,0.0,133.59361410855212,21.1,1.9618436946368172,0.20294934772105,0.0,1319.5469,1.0322690784568025,21.806753158569336,12.95183277130127,8.854924201965332
quinua,-10.85,-68.45,0,4.706986489185376,1719.2268151749583,0.1695468441197325,61.92698481473231,68.75261716862619,361.7057396521178,20.09198542438396,265.50480753744563,127.54631180544372,155.20919028829115,58.3,5.211974553068126,1.5147668706716055,0.0,1781.1537,1.0360200529659978,23.804828643798828,15.26817512512207,8.536669731140137
quinua,-1.95,-72.75,0,4.572658259868755,1670.1634294170628,4.003926778153929,1462.4342557207224,41.38105975197295,364.81174706071823,7.126757529392816,292.3441234498308,134.05833870188434,50.31379046545337,13.4,0.311777258817845,0.0,0.0,3132.5977,1.875629207967596,23.804828643798828,15.26817512512207,8.536669731140137
quinua,-3.45,-78.35,0,3.967028973859724,1448.957332702264,5.537784617031117,2022.6758313706152,59.97342567241102,328.7132348204219,0.0,1.6147708970848769,0.0205890642615558,151.81493598002902,30.6,3.694266387502013,0.3735444516025125,0.0,3471.6333,2.3959518546244527,24.904949188232422,16.437328338623047,8.467633247375488
quinua,-5.35,-71.45,0,4.64144575694232,1695.2880627231823,2.5379159760487786,926.9738102518164,49.99677886938315,364.7558624577226,5.314919874375906,298.1384743920116,123.86086930262522,69.30573159929133,20.7,0.9323904815590272,0.0558846029956514,0.0,2622.2617,1.5467978228815658,23.804828643798828,15.26817512512207,8.536669731140137
quinua,-3.95,-68.95,0,4.643320009375364,1695.9726334243514,3.0948884006494475,1130.4079883372108,47.94894507972298,364.2146641971332,11.838711950394588,293.48828716379444,146.53531164438715,57.8523292800773,13.8,0.5029614269608633,0.0147064744725398,0.0,2826.3806,1.6665302793336814,23.804828643798828,15.26817512512207,8.536669731140137
quinua,-18.35,-67.25,0,3.3699879246918782,1230.8880894937083,-2.656325913294639,-970.2230398308668,94.94443549685938,0.0,0.0,0.0,0.0,286.2174061845708,165.8,9.132720647447254,5.029614269608632,215.0527762119504,260.66504,0.2117697255618074,23.804828643798828,15.26817512512207,8.536669731140137
quinua,-7.75,-76.85,0,4.137834653406821,1511.3441071568411,3.028091922917128,1106.010574845481,57.223385408278304,350.7847117088098,0.0,13.253474794652922,0.42060516991464,127.00511354485424,36.8,3.7354445160251246,0.7147346593654371,0.0,2617.355,1.7318076098351225,23.804828643798828,15.26817512512207,8.536669731140137
quinua,-4.75,-70.45,0,4.654937733848061,1700.2160072880044,2.467498036581406,901.2536578613586,54.557094540183606,364.6411519568368,7.067931631502657,301.8915666774037,141.49687349009506,79.22966057336124,18.6,0.9618034305041068,0.0558846029956514,0.0,2601.47,1.530085419082044,23.804828643798828,15.26817512512207,8.536669731140137
quinua,-8.45,-74.95,0,4.836790516255157,1766.6377360621962,0.7978682309004912,291.4213713364044,70.50893863746174,365.0617571267514,11.818122886133033,322.13061684651313,165.9655057175068,162.80067241101625,38.5,4.711954421001772,0.8970949428249313,0.0,2058.059,1.1649583548383131,23.804828643798828,15.26817512512207,8.536669731140137
quinua,-7.55,-77.75,0,4.217821178759173,1540.5591855417874,-1.3303180719975,-485.89867579708687,74.46770816556611,166.24198743759058,0.0,0.0029412948945079,0.0,179.28074770494442,64.9,5.985535110323723,2.0206695925269766,0.0,1054.6605,0.6845984919371313,23.804828643798828,15.26817512512207,8.536669731140137
quinua,-11.55,-74.55,0,3.3982044383273218,1241.1941710990543,2.567529848029397,937.7902769927372,58.49573200193267,0.7588540827830568,0.0,0.0,0.0,151.9678833145434,45.4,4.876666935094218,1.1029855854404895,0.0,2178.9846,1.7555613673087371,23.804828643798828,15.26817512512207,8.536669731140137
quinua,-9.35,-70.05,0,4.776371061391004,1744.569530173064,0.7855641326725403,286.9272994586454,62.87163794491867,362.9293183282333,17.106571106458368,287.4086306168465,143.90873530359153,119.71658479626348,42.7,4.006043646319858,0.9559208407150908,0.0,2031.4968,1.16446954133361,23.804828643798828,15.26817512512207,8.536669731140137
quinua,-4.25,-80.85,0,4.738636499606285,1730.7869814811952,-3.725022871455652,-1360.564603799177,94.24222902238684,364.508793686584,1.0882791109679495,221.4295035432437,71.12051054920276,317.92750644226123,263.2,5.903178853277501,3.14718553712353,0.0,370.22235,0.213903994996848,30.925806045532227,23.84659194946289,7.079246520996094
quinua,-10.35,-67.05,0,4.645338383543196,1696.7098445891522,1.231118737053278,449.66611870870975,60.27218553712354,360.114499114189,18.31838460299565,250.0424202770172,116.35174343694636,126.17272708970847,46.1,4.056045659526494,0.9912163794491868,0.0,2146.376,1.2650255746791763,23.804828643798828,15.26817512512207,8.536669731140137
quinua,-4.35,-70.35,0,4.6372281395920485,1693.7475779859956,2.3633023407427687,863.1961799562963,54.02802383636656,364.6529171364148,7.717957803188919,301.2974251087131,142.4939724593332,80.78854686745046,17.4,0.8794471734578835,0.0441194234176195,0.0,2556.9438,1.5096423715986895,23.804828643798828,15.26817512512207,8.536669731140137
quinua,-10.35,-73.15,0,4.71456711548324,1721.9956389302529,2.2917968351563496,837.0787940408566,55.79884039297792,364.56173699468513,6.717917539056209,279.96715453374134,107.60727371557417,112.91042841037203,37.2,3.3266045256885164,0.5617873248510226,0.0,2559.0747,1.4861111315916498,23.804828643798828,15.26817512512207,8.536669731140137
quinua,-0.15,-70.45,0,4.584460478027639,1674.474189599595,5.179443230191934,1891.791639827604,32.34820421968111,364.14407311966505,15.90652278949911,292.94414760831046,157.22397729102914,25.47161378643904,10.1,0.0852975519407312,0.0029412948945079,0.0,3566.2656,2.129787519290666,23.804828643798828,15.26817512512207,8.536669731140137
quinua,-13.95,-75.05,0,3.729894140649332,1362.3438348721684,-2.5525959820598034,-932.3356824473432,88.45144145595104,0.0294129489450797,0.0,0.0,0.0,279.9495067643743,240.5,4.826664921887581,2.9295297149299406,1.4029976646803024,430.00815,0.3156387297264201,23.804828643798828,15.26817512512207,8.536669731140137
quinua,-12.95,-74.35,0,4.096158704928532,1496.1219669751458,-2.349767937276149,-858.2527390901134,85.48155902721855,21.23614913834756,0.0,0.0,0.0,232.69172169431465,87.4,7.932672330488001,3.144244242229022,0.0029412948945079,637.86926,0.4263489690132042,23.804828643798828,15.26817512512207,8.536669731140137
quinua,-1.75,-76.05,0,4.177430629755838,1525.8065375183196,4.161608302217436,1520.0274323849185,45.45417941697536,364.3029030439684,0.8559168143018198,220.7647708970848,53.40509139958125,67.80272990819779,16.5,0.5794350942180706,0.0176477693670478,0.0,3045.834,1.9962140386074785,23.804828643798828,15.26817512512207,8.536669731140137
quinua,0.05,-67.35,0,4.507308360429954,1646.2943786470405,3.7762718064953114,1379.283277322412,37.90787566435818,360.4145111934289,32.6895514575616,265.25773876630694,154.7444656949589,26.40988685778709,8.9,0.0588258978901594,0.0029412948945079,0.0,3025.5776,1.8378119005848292,23.804828643798828,15.26817512512207,8.536669731140137
quinua,-0.15,-80.15,0,4.038458516929407,1475.0469733084656,-1.3495916300812996,-492.93834288719455,82.7001127395716,365.076463601224,3.888391850539539,272.1815469479787,140.2409405701401,233.3241000966339,89.0,8.479753180866483,3.2854263971654043,0.0,982.1086,0.665821015801779,30.925806045532227,23.84659194946289,7.079246520996094
quinua,-15.65,-68.05,0,3.9147277971981143,1429.8543279266114,0.0075215777544582,2.7472562748158715,69.92994040908357,208.84664398453864,0.0,3.6089688355612815,0.0911801417297471,184.78391045256885,47.5,6.559087614752778,1.788307295860847,0.0,1432.6016,1.0019219106240755,23.804828643798828,15.26817512512207,8.536669731140137
quinua,-2.25,-71.55,0,4.507098177665856,1646.217609392454,4.239962382974303,1548.6462603813638,39.05218231599292,364.5176175712675,7.759135931712031,286.479181430182,131.58176840070865,38.71920599130294,11.7,0.1500060396199065,0.0,0.0,3194.8638,1.9407369837399648,23.804828643798828,15.26817512512207,8.536669731140137
quinua,-4.75,-68.85,0,4.655957809144344,1700.5885897899716,2.975222016714783,1086.6998416050742,53.749396038009344,364.05583427282977,10.247471412465774,289.999911418908,134.05245611209534,84.49751972942502,25.5,1.3147588178450635,0.0911801417297471,0.0,2787.2886,1.6390158911890176,23.804828643798828,15.26817512512207,8.536669731140137
quinua,-8.65,-70.05,0,4.758517302424916,1738.0484447107003,1.3059790252095715,477.008838957796,58.81462393300048,363.0204984699629,14.98589748751812,285.10559671444673,138.61440449347722,107.70139515219844,37.5,3.200128845224674,0.6941455951038814,0.0,2215.0574,1.2744522339183708,23.804828643798828,15.26817512512207,8.536669731140137
quinua,-0.35,-71.35,0,4.583787481910584,1674.2283777678408,5.43256433803028,1984.2441244655597,33.84441939120632,364.288196569496,12.529916250603964,292.3058866162022,148.82658036720886,30.727707762924787,10.9,0.1352995651473667,0.0029412948945079,0.0,3658.4722,2.1851750286512823,23.804828643798828,15.26817512512207,8.536669731140137
quinua,-7.15,-76.65,0,4.9075067628132025,1792.466845117522,0.1148699433079139,41.95624679321558,71.88033499758414,365.1852915123208,14.47117088097922,328.3220425994524,190.58120268964407,166.51846915767433,35.9,4.535476727331292,0.7559127878885489,0.0,1834.4231,1.0234071408112158,23.804828643798828,15.26817512512207,8.536669731140137
quinua,0.55,-74.75,0,4.234308223405173,1546.5810785987392,4.767734408778511,1741.4149928063505,43.50700595909164,364.10289499114185,2.617752456112095,240.09496094379125,82.10624698019004,62.26721291673378,17.5,0.7147346593654372,0.0441194234176195,0.0,3287.996,2.125976816108695,22.268421173095703,13.307413101196289,8.960993766784668
quinua,-5.05,-79.55,0,3.981730632306884,1454.327113450089,-1.274114264054687,-465.3702349459744,84.83330649057818,73.30589265582219,0.0,0.2647165405057174,0.0088238846835239,270.71384079561926,97.7,9.54156063778386,4.135460621678208,0.0,988.95685,0.6800099607982102,30.925806045532227,23.84659194946289,7.079246520996094
quinua,-6.15,-76.15,0,4.993261780405608,1823.788865293148,2.2214526094767364,811.3855656113781,58.943469157674336,365.1676437429537,33.766065388951525,335.4517414237397,228.2915445321308,130.58761072636494,26.7,2.917764535351908,0.2853056047672732,0.0,2635.1743,1.4448889706275214,23.804828643798828,15.26817512512207,8.536669731140137
quinua,-1.15,-72.45,0,4.574318898401716,1670.769977641227,4.902504380242638,1790.639724883623,40.06039619906586,364.5911499436302,10.347475438879046,288.91163230794007,142.214549444355,50.32849693992591,14.5,0.4088399903366081,0.0088238846835239,0.0,3461.4097,2.071747507353953,23.804828643798828,15.26817512512207,8.536669731140137
quinua,-16.15,-72.75,0,4.830146076081526,1764.210854288777,-4.680993480178229,-1709.732868635098,99.62554356579156,338.6342224995973,0.0,8.491518360444516,0.0647084876791753,351.596509099694,304.9,6.591441858592366,5.182561604123047,0.0,54.477985,0.0308795756195387,23.804828643798828,15.26817512512207,8.536669731140137
quinua,-8.45,-78.95,0,3.127218532364446,1142.216568946114,-2.986078569912266,-1090.6651976604549,99.7084876791754,86.52701320663553,0.0,0.5794350942180705,0.0382368336286036,354.1554356579159,389.8,3.9119222096956014,2.7530520212594616,0.0,51.551373,0.0451330202565976,28.737197875976562,21.382944107055664,7.354296684265137
quinua,-0.75,-75.55,0,4.161205666909961,1519.880369838863,3.987369529825856,1456.3867207688936,47.12191979384764,364.0852472217748,1.641242551135448,231.9269850217426,60.25536720889031,75.89423216298921,23.2,1.0176880334997582,0.100004026413271,0.0,2976.267,1.958226493733753,23.804828643798828,15.26817512512207,8.536669731140137
quinua,-5.35,-76.25,0,4.91103615121784,1793.7559542323163,1.6182349496873756,591.060315373314,57.28217104203576,365.2294109357384,23.93625785150588,341.2107968271863,217.75876751489767,105.90426397165406,22.4,2.1971472861974557,0.1676538089869544,0.0,2384.8164,1.32951242462789,23.804828643798828,15.26817512512207,8.536669731140137
quinua,-6.95,-73.85,0,4.657116291556059,1701.0117254908498,1.5261338669178233,557.420394891735,56.09276856176517,364.5940912385247,3.944276453535191,276.8287928813013,105.26894427444032,96.31858391045256,23.7,2.0236108874214844,0.1735363987759703,0.0,2258.4321,1.327699305032813,23.804828643798828,15.26817512512207,8.536669731140137
quinua,-13.15,-67.75,0,4.634073755107311,1692.5954390529448,2.9218120242034296,1067.1918418403025,54.33081011435013,362.17046424545015,13.771142696086326,269.27848888709934,116.32233048800131,108.01317241101624,29.3,3.00306208729264,0.3000120792398131,0.0,2759.7869,1.630511398823574,23.804828643798828,15.26817512512207,8.536669731140137
quinua,-9.85,-76.45,0,3.9178033022544954,1430.977656148454,-0.6044700496750373,-220.78268564380733,69.25752939281686,0.8882710581414075,0.0,0.0,0.0,158.81521782895797,53.3,5.159031244966984,1.6088883072958606,0.1235343855693348,1210.195,0.845713832848516,23.804828643798828,15.26817512512207,8.536669731140137
quinua,-4.75,-70.25,0,4.652487539923394,1699.3210739570193,2.5581699703834024,934.3715816825376,55.01449508777582,364.58232605894665,7.932672330488001,300.7356377838621,143.09105532291835,80.66795377677565,19.2,0.9441556611370592,0.0529433081011435,0.0,2633.6926,1.549853125501357,23.804828643798828,15.26817512512207,8.536669731140137
quinua,0.05,-67.05,0,4.546839265099817,1660.7330415777085,3.6122359303689606,1319.3691735672628,38.123691415686906,360.3850982444838,33.9778386213561,267.02545699790625,157.12103196972137,25.362785875342247,8.8,0.0617671927846674,0.0,0.0,2980.1023,1.794452259621933,23.804828643798828,15.26817512512207,8.536669731140137
quinua,-17.95,-69.25,0,3.4166805666784312,1247.9425769792972,-2.520520575743074,-920.6201402901576,92.10984055403443,0.0,0.0,0.0,0.0,287.4851042841037,204.3,7.176759542599454,4.376646803027862,301.47684409727816,327.32242,0.2622896151650462,23.804828643798828,15.26817512512207,8.536669731140137
quinua,-18.15,-69.85,0,3.803747605199109,1389.3188127989747,-3.2979980975773517,-1204.5938051401274,97.30794008697052,0.1764776936704783,0.0,0.0,0.0,314.2920659526493,256.7,6.385551215976808,4.056045659526494,79.91792357867612,184.725,0.1329609249254222,23.804828643798828,15.26817512512207,8.536669731140137
quinua,-14.45,-72.65,0,3.475718755930187,1269.5062756035009,-0.8883364503475999,-324.4648884894608,72.62683201803834,0.0,0.0,0.0,0.0,206.2112437590594,99.5,7.094403285553229,3.1795397809631174,125.15503905620874,945.0414,0.7444213103762383,23.804828643798828,15.26817512512207,8.536669731140137
quinua,-10.25,-71.25,0,4.738484284806579,1730.7313850256023,0.6276750780650948,229.25832226327583,62.34015139313899,363.6822898212272,11.459284909003056,283.9026071025929,127.66396360122404,122.56081695925268,40.6,4.041339185053954,0.9147427121919792,0.0,1959.9899,1.13246473949333,23.804828643798828,15.26817512512207,8.536669731140137
quinua,-1.95,-75.75,0,4.2935975524355765,1568.2365060270945,3.8726879878475793,1414.499287561328,44.75680463842809,364.6146803027863,1.4147628442583349,246.271680222258,66.06148333064905,67.67625422773395,19.0,0.741206313416009,0.0411781285231116,0.0,2982.7358,1.9019700982870205,23.804828643798828,15.26817512512207,8.536669731140137
quinua,0.15,-78.15,0,3.631220287954835,1326.3032101755034,-1.2630115526397203,-461.3149696016579,81.40280238363667,73.95886012240297,0.0,0.097062731518763,0.0,242.9656647608311,58.2,8.3385710259301,2.317740376872282,0.0,864.9883,0.6521814506172584,23.075685501098633,14.275059700012207,8.80063533782959
quinua,-10.25,-71.45,0,4.722382099528075,1724.8500618526298,0.6775974076115336,247.49245313011264,61.92382026091159,363.6116987437591,9.86216178128523,277.817067965856,118.77537043002094,121.84902359478176,39.3,3.929569979062651,0.8941536479304235,0.0,1972.3424,1.14348769663967,23.804828643798828,15.26817512512207,8.536669731140137
quinua,0.15,-78.85,0,3.648777046352608,1332.7158161802895,3.0585258561997324,1117.1265689769525,65.7819294572395,357.1996758737317,0.0,34.81022507650185,1.46476485746497,174.78350781124172,44.4,5.182561604123047,1.2235786761153165,0.0,2449.8423,1.8382380589904252,28.064315795898438,21.543231964111328,6.521126747131348
quinua,-6.75,-68.55,0,4.706213345371601,1718.944424396978,2.157133475814604,787.8930020412838,55.876952810436464,363.7293505395394,12.665215815751328,293.9265401030762,138.55851989048156,94.33026856176517,32.1,2.2589144789821227,0.3294250281848929,0.0,2506.8374,1.4583613339232095,23.804828643798828,15.26817512512207,8.536669731140137
quinua,-4.45,-70.55,0,4.6401706120709205,1694.8223160589037,2.1489035665566645,784.8870276848215,55.188436141085525,364.6882126751489,6.55614631985827,301.73567804799484,138.0261455145756,82.453319777742,18.8,0.938273071348043,0.0735323723626993,0.0,2479.7095,1.4631139666747055,23.804828643798828,15.26817512512207,8.536669731140137
quinua,0.25,-76.15,0,3.95861980194737,1445.885882661277,5.451855382853973,1991.2901785874133,42.79191496215172,363.98818449025606,0.62355451763569,187.08400306007405,44.666504267998064,73.51472459333225,21.4,0.758854082783057,0.0529433081011435,0.0,3437.1763,2.3772087551444465,23.505626678466797,14.897092819213867,8.608553886413574
quinua,-0.15,-72.65,0,4.606398487438527,1682.487047536922,5.432090119920913,1984.070916301113,38.71396360122402,364.50291109679495,13.374067885327747,290.84406305363177,150.77371758737314,51.36383274279272,17.0,0.535315670800451,0.0264716540505717,0.0,3666.5579,2.1792511196517754,23.804828643798828,15.26817512512207,8.536669731140137
quinua,-2.85,-74.15,0,4.587306247918447,1675.5136070522126,3.266087577407893,1192.938487648233,48.870188436141085,364.9852834594943,6.5826179739088415,298.43554517635687,141.29686543726848,68.8145353519085,14.7,0.6735565308423257,0.0147064744725398,0.0,2868.4524,1.711984269800555,23.804828643798828,15.26817512512207,8.536669731140137
quinua,-11.65,-75.55,0,3.683424554456744,1345.3708185153253,-1.7310616651267137,-632.2702731875322,80.8036720889032,0.0294129489450797,0.0,0.0,0.0,211.95853398292803,97.8,6.520850781124175,3.0883596392333708,40.70163875020132,713.1006,0.5300403422768305,23.804828643798828,15.26817512512207,8.536669731140137
quinua,-2.45,-80.15,0,4.476038375610355,1634.8730166916826,-2.012670988959486,-735.1280787174521,85.81816717667901,365.1558785633757,4.208992994040908,297.0825495248833,168.7626771621839,260.22812449669834,119.9,9.056246980190044,4.338409969399259,0.0,899.745,0.5503458658479652,30.925806045532227,23.84659194946289,7.079246520996094
quinua,-1.25,-74.65,0,4.383892029857337,1601.2165639053924,4.070696089452152,1486.8217466723986,44.58769528104365,364.70291914962144,3.0177685617651795,263.2900124818811,90.88895353519084,67.64684127878886,19.9,0.8529755194073119,0.0735323723626993,0.0,3088.0383,1.9285577075463889,23.804828643798828,15.26817512512207,8.536669731140137
quinua,-5.55,-75.15,0,4.819134892157871,1760.1890193606623,1.6695803166652925,609.8142106619978,58.48526332742792,365.1470546786922,15.459445965533902,332.79575213399903,199.5050913995813,105.68366685456594,23.5,1.9589023997423096,0.1470647447253986,0.0,2370.0034,1.3464494159603837,23.804828643798828,15.26817512512207,8.536669731140137
quinua,-13.55,-75.05,0,3.488440313497009,1274.1528245047823,-1.8554854903866445,-677.7160753637219,81.72652601062973,0.0,0.0,0.0,0.0,238.76255435657916,158.3,6.503203011757125,3.356017474633597,86.98585521017877,596.43677,0.4681049548275921,23.804828643798828,15.26817512512207,8.536669731140137
quinua,-0.45,-76.25,0,3.949531641004965,1442.5664318770628,4.976486419942808,1817.661664884111,42.19520051538089,363.7587634884845,0.5941415686906103,193.9460440489612,42.22817080045095,61.51130012884521,16.4,0.42060516991464,0.0176477693670478,0.0,3260.228,2.260021075299378,23.804828643798828,15.26817512512207,8.536669731140137
quinua,-6.55,-67.25,0,4.6822388637641215,1710.187744989846,2.221001419785176,811.2207685765354,51.00901916572717,362.2439966178128,18.38897568046384,276.8376167659849,138.85853196972135,77.9207843453052,23.8,1.5500624094057014,0.1617712191979384,0.0,2521.4087,1.474350368188942,23.804828643798828,15.26817512512207,8.536669731140137
quinua,-3.15,-67.95,0,4.532504599319497,1655.497304901446,3.4993603252662338,1278.141358803492,42.035754549847,363.0675591882752,15.306498631019483,269.9079259945241,131.69353760669995,39.16040022547914,13.4,0.1705951038814623,0.0058825897890159,0.0,2933.639,1.7720611907628576,23.804828643798828,15.26817512512207,8.536669731140137
quinua,-2.85,-78.65,0,3.890504829345788,1421.006888918549,2.1209322699582702,774.6705116022579,69.44032855532292,83.26511716862618,0.0,0.0823562570462232,0.0,187.55166894830083,31.7,5.311978579481398,0.6617913512642938,0.0,2195.6772,1.5451486205323377,26.057886123657227,19.590803146362305,6.467069149017334
quinua,-4.35,-71.95,0,4.622115030651747,1688.2275149455504,2.8499169819170875,1040.9321776452157,51.191013045579,364.7735102270897,5.897296263488483,299.1708688999839,133.0847700918022,71.4617007569657,18.6,0.7000281848928974,0.0411781285231116,0.0,2729.16,1.6165889463523575,23.804828643798828,15.26817512512207,8.536669731140137
quinua,-0.15,-77.25,0,3.728929447882364,1361.991480839033,8.71719733319399,3183.956325949105,37.38685778708327,362.4145917216943,0.0941214366242551,114.03400306007408,14.412344983089064,64.0849331615397,14.1,0.3500140924464486,0.0176477693670478,0.0,4545.948,3.337718568215199,23.804828643798828,15.26817512512207,8.536669731140137
quinua,-9.25,-76.35,0,4.0188064094099225,1467.8690410369743,4.784682244293776,1747.605189728302,44.46287646964085,210.88790264132712,0.0,0.100004026413271,0.0,89.36830407473023,29.2,2.6795196488967625,0.3853096311805443,0.0,3215.474,2.190580937234518,23.804828643798828,15.26817512512207,8.536669731140137
quinua,-11.75,-71.35,0,4.607006183204344,1682.7090084153867,1.2617873535618136,460.8678308884523,60.55725559671445,364.4029070703817,9.60332783056853,291.84116202287004,136.34960742470605,127.88456071831212,41.8,4.238405942985987,0.9294491866645194,0.0,2143.577,1.2738864773955003,23.804828643798828,15.26817512512207,8.536669731140137
quinua,-15.75,-73.05,0,4.2093920968690055,1537.4804633814042,-3.864291536146645,-1411.432483577562,97.94894507972296,194.86372805604768,0.0,0.200008052826542,0.0,336.57825736833627,302.7,5.164913834755999,3.088359639233371,0.0,126.04799,0.0819844668964042,23.804828643798828,15.26817512512207,8.536669731140137
quinua,1.35,-73.55,0,4.411902639370836,1611.4474390301978,5.167386604805072,1887.3879574050527,36.069415364793045,364.0617168626188,6.720858833950716,261.8134824448381,114.78991584796265,38.52213923337092,15.3,0.3676618618134964,0.0205890642615558,0.0,3498.8354,2.171238079840994,22.294694900512695,12.853358268737793,9.441340446472168
quinua,-6.15,-71.85,0,4.653082795726933,1699.5384911392616,2.280404915913644,832.9178955374582,49.56595264937994,364.6793887904655,4.900197294250281,292.8353196972137,115.97525769044935,70.68519890481558,20.8,0.9970989692382026,0.0705910774681913,0.0,2532.4565,1.490086314201556,23.804828643798828,15.26817512512207,8.536669731140137
quinua,-11.95,-70.75,0,4.659161256863387,1701.758649069352,1.5408033800982388,562.7784345808816,58.69463681752295,364.1058362860364,14.950601948784024,298.2267132388468,154.06208527943306,110.6426900467064,28.5,3.356017474633597,0.4941375422773393,0.0,2264.5374,1.330705533356055,23.804828643798828,15.26817512512207,8.536669731140137
quinua,-2.45,-68.25,0,4.613022594160286,1684.9065025170444,3.8038827366833674,1389.3681695735995,39.95732001932678,363.09991343211465,18.17720244805927,283.05845546786924,148.4589185053954,34.66316033177645,10.3,0.1264756804638428,0.0,0.0,3074.275,1.82459803798144,23.804828643798828,15.26817512512207,8.536669731140137
quinua,0.15,-75.75,0,4.037737482385299,1474.7836154412305,4.535555927031346,1656.6118023481995,47.71299726203897,363.9058282332098,1.241226445482364,203.7876167659849,53.38450233531969,74.83536600096633,23.7,1.0118054437107422,0.1441234498308906,0.0,3131.395,2.1232900341663923,23.80210304260254,15.282699584960938,8.519414901733398
quinua,-1.05,-67.65,0,4.577432514185125,1671.907225806117,3.7855143566961615,1382.659118783273,38.881462393300055,362.5734216459977,25.28337091319053,280.2701079078756,157.18868175229505,29.498246497020453,10.4,0.0764736672572072,0.0,0.0,3054.5664,1.826997066703521,23.804828643798828,15.26817512512207,8.536669731140137
quinua,-12.65,-67.65,0,4.63363610004359,1692.4355855409212,2.9055585905792887,1061.2552752090849,53.74698019004671,361.1704239813174,15.853579481397968,265.5753986149138,119.4342204863907,104.90716500241584,29.7,3.0412989209212435,0.3441315026574327,0.0,2753.691,1.6270622927519651,23.804828643798828,15.26817512512207,8.536669731140137
quinua,-11.05,-68.45,0,4.692624131328162,1713.980963967611,0.4153604759201443,151.7104138298327,67.46094379127072,361.1998369302625,17.48011555806088,266.0371819133516,124.08146641971332,142.56750483169594,44.7,4.606067804799484,1.1147507650185215,0.0,1865.6914,1.0885140356986756,23.804828643798828,15.26817512512207,8.536669731140137
quinua,0.45,-67.65,0,4.575414995974021,1671.1703272795107,4.029810623909224,1471.8883303828443,36.54050571750684,361.4145514575616,36.4132307940087,278.0317824931551,168.98327427927202,23.27446650024158,8.2,0.0500020132066355,0.0029412948945079,0.0,3143.0588,1.880754162642111,22.566896438598633,13.931509017944336,8.635396957397461
quinua,-10.15,-77.55,0,3.819538684500526,1395.0865045138169,-2.9922015649640548,-1092.901621603121,94.01997100982446,5.853176840070864,0.0,0.0,0.0,281.9525285875342,206.2,5.538458286358512,2.488335480753744,0.0,302.1849,0.2166067874956989,23.804828643798828,15.26817512512207,8.536669731140137
quinua,-2.65,-76.45,0,4.276478969078123,1561.9839434557844,4.03659176415501,1474.365141857617,47.3618940248027,364.6587997262038,0.6529674665807697,230.07102794330808,58.34940811724916,78.07961426960863,16.5,0.626495812530198,0.0205890642615558,0.0,3036.349,1.9439095773150052,23.804828643798828,15.26817512512207,8.536669731140137
quinua,-14.05,-73.75,0,3.7682083035271297,1376.3380828632842,-1.7526633755381529,-640.1602979153104,80.18360444516027,0.0735323723626993,0.0,0.0,0.0,230.1327951360928,119.1,7.826785714285714,3.6501469640843935,0.3294250281848928,736.1778,0.5348843491097373,23.804828643798828,15.26817512512207,8.536669731140137
quinua,-17.15,-67.85,0,3.211301262225557,1172.9277860278848,-2.395921667382692,-875.1103890115285,92.44564342084072,0.0,0.0,0.0,0.0,276.6052544693187,131.6,8.647406989853437,4.847253986149137,176.6424061845708,297.8174,0.2539098063676994,23.804828643798828,15.26817512512207,8.536669731140137
quinua,-2.25,-71.25,0,4.542220029971039,1659.0458659469218,4.299336725380599,1570.3327389452636,39.288935416331135,364.538206635529,8.256214768883877,289.999911418908,136.09665606377837,39.42217547109036,11.5,0.1411821549363826,0.0,0.0,3229.3784,1.9465352445195605,23.804828643798828,15.26817512512207,8.536669731140137
quinua,0.45,-76.35,0,3.922912307880226,1432.8437204532524,6.262675510511096,2287.442230214178,41.43742953776776,363.9058282332098,0.6559087614752779,186.0251368980512,45.02534224512804,76.6619101304558,22.0,0.747088903205025,0.0676497825736833,0.0,3720.286,2.596432169041904,22.566896438598633,13.931509017944336,8.635396957397461
quinua,-12.15,-72.55,0,4.2244587918033165,1542.9835737061617,5.446958910691476,1989.5017421300613,50.60476727331294,335.6252778225156,0.0,16.694789821227246,0.7117933644709292,119.96071227250764,40.8,3.82956595264938,0.7823844419391205,0.0,3532.4856,2.2893896802692497,23.804828643798828,15.26817512512207,8.536669731140137
quinua,-3.35,-78.65,0,3.9967538073457143,1459.8143281330222,3.388787518587657,1237.7546411641415,69.9726203897568,305.1711104847801,0.0,0.2411861813496537,0.0,199.91981397970687,34.4,6.13554114994363,0.9676860202931228,0.0,2697.5688,1.8478815377804807,26.057886123657227,19.590803146362305,6.467069149017334
quinua,-11.85,-73.25,0,4.189250082495159,1530.123592631356,4.923852079855477,1798.436972167213,51.36495409888871,355.76432396521176,0.0058825897890159,39.13686986632308,1.9353720405862451,120.98722419069092,45.8,3.882509260750523,0.8206212755677242,0.0,3328.5605,2.1753556555513405,23.804828643798828,15.26817512512207,8.536669731140137
quinua,-2.45,-77.45,0,4.151301715640959,1516.2629516378602,4.552968064042697,1662.9715853915957,50.32694475760992,364.91763367692056,0.2588339507167015,208.9437067160573,44.472378804960535,97.7392293444999,20.6,1.055924867128362,0.0441194234176195,0.0,3179.2346,2.0967640899374875,23.804828643798828,15.26817512512207,8.536669731140137
quinua,-5.85,-80.35,0,5.270072116640885,1924.8938406030836,-4.933013301184415,-1801.7831082576076,98.5456595264938,363.9499476566274,61.50541753905621,228.48272870027373,151.0001972942503,343.6491302947335,307.4,5.494338862940891,3.208952729908198,0.0,123.11074,0.0639570883608256,30.925806045532227,23.84659194946289,7.079246520996094
quinua,-7.55,-74.35,0,4.765374055844873,1740.55287389734,0.6978839193302722,254.902101535382,64.3702689644065,364.92939885649866,7.8856116121758735,304.579910210984,142.5145615235948,125.0785653889515,28.2,3.144244242229022,0.4794310678047994,0.0,1995.4551,1.146448343997267,23.804828643798828,15.26817512512207,8.536669731140137
quinua,-5.15,-73.95,0,4.620121916402627,1687.4995299660593,2.3736155701166264,866.9630869850978,57.30552423900789,364.9529292156547,6.229662586567885,305.5358310516991,142.25866886777257,98.01865235947818,21.5,1.591240537928813,0.0882388468352391,0.0,2554.4624,1.5137564703075113,23.804828643798828,15.26817512512207,8.536669731140137
quinua,-9.85,-73.25,0,4.740509612835277,1731.4711360880851,0.90475890655442,330.4631906190019,61.48655177967466,364.5058523916895,7.073814221291673,282.2554819616686,112.6692422290224,121.06958044773714,42.9,3.779563939442745,0.7647366725720727,0.0,2061.9343,1.190858826530419,23.804828643798828,15.26817512512207,8.536669731140137
quinua,-3.25,-73.35,0,4.575647416626596,1671.255218922864,3.0248802459437405,1104.8375098309514,53.05604767273312,364.89116202287,6.538498550491222,299.385583427283,136.6525607988404,85.20637179900145,15.2,0.7588540827830567,0.0147064744725398,0.0,2776.0928,1.661088000096261,23.804828643798828,15.26817512512207,8.536669731140137
quinua,-4.15,-74.85,0,4.7214034624971255,1724.4926146770747,2.55431870563156,932.9649072319274,52.98920921243357,365.0676397165405,8.744469721372202,323.0512421484941,174.86880536318245,91.862522145273,19.5,1.2912284586889995,0.0676497825736833,0.0,2657.4575,1.5410093047376414,23.804828643798828,15.26817512512207,8.536669731140137
quinua,0.45,-74.55,0,4.289002755250609,1566.5582563552848,4.619065649832035,1687.1137286011508,44.87759703655983,364.2146641971332,3.0736531647608314,246.92464768883875,88.48885690127233,65.59381744242229,20.1,0.8382690449347721,0.0529433081011434,0.0,3253.6724,2.076956989052377,22.566896438598633,13.931509017944336,8.635396957397461
quinua,1.15,-74.55,0,4.326027453813122,1580.081527505243,5.15560656304632,1883.085297152668,38.77919149621516,364.2323119665002,4.950199307456918,250.57185335802865,99.84225519407312,47.46367571267515,19.4,0.5353156708004508,0.0500020132066355,0.0,3463.1667,2.191766000188593,22.294694900512695,12.853358268737793,9.441340446472168
quinua,-14.55,-68.35,0,4.047574670913736,1478.376648551242,-0.8142538937314369,-297.40623468540736,72.81285231116121,138.01143904010308,0.0,0.0588258978901594,0.0,187.96345023353197,70.7,6.932632066355291,2.3648010951844096,0.0,1180.9705,0.7988300165708597,23.804828643798828,15.26817512512207,8.536669731140137
quinua,1.25,-75.85,0,4.145007670622023,1513.9640516946945,6.406623513270917,2340.019238222202,35.84635206957642,364.24995973586726,3.047181510710259,226.79148413593165,76.92956796585601,44.234133918505385,16.6,0.4500181188597197,0.0205890642615558,0.0,3853.9832,2.5456249553179675,22.294694900512695,12.853358268737793,9.441340446472168
quinua,-5.45,-68.95,0,4.65853266769804,1701.529056876709,2.8742032456429665,1049.8027354710937,56.52842647769368,364.1999577226606,8.935653889515219,291.1764293767112,129.6522789499114,92.8625624094057,28.9,1.705951038814624,0.1735363987759703,0.0,2751.332,1.6169786842252891,23.804828643798828,15.26817512512207,8.536669731140137
quinua,-3.35,-74.85,0,4.5897685095972784,1676.4129481304058,3.10966347635039,1135.80458473698,49.2446448703495,365.0794048961185,5.332567643742954,301.7062650990498,134.95543364470927,81.24444757609922,16.8,0.8617994040908359,0.0294129489450797,0.0,2812.2175,1.6775216200477172,23.804828643798828,15.26817512512207,8.536669731140137
quinua,-15.85,-68.45,0,2.7629927475795744,1009.1831010534396,0.2669605073685978,97.50732531638036,68.0544371074247,0.0,0.0,0.0,0.0,195.81964889676277,72.0,6.550263730069254,2.435392172652601,194.0019286519568,1106.6903,1.09661954520719,23.804828643798828,15.26817512512207,8.536669731140137
quinua,-11.65,-71.45,0,4.607479639484984,1682.8819383218906,1.1455875713507768,418.4258604358712,60.88903205024964,364.3676115316476,9.653329843775165,288.65279835722333,132.73181470446124,128.22869222096955,41.5,4.253112417458527,0.938273071348043,0.0,2101.3079,1.2486386947902923,23.804828643798828,15.26817512512207,8.536669731140137
quinua,-15.25,-70.45,0,3.363637951212438,1228.568761680343,-1.3413465823547983,-489.92683920509,78.6704783378966,0.0,0.0,0.0,0.0,233.7594117410211,137.6,6.626737397326461,3.100124818811403,164.9654654533741,738.6419,0.6012222727643242,23.804828643798828,15.26817512512207,8.536669731140137
quinua,-12.45,-75.75,0,3.173025299834098,1158.9474907644042,-1.2693372501797515,-463.6254306281543,76.74102109840555,0.0,0.0,0.0,0.0,208.32015219842165,118.2,6.070832662264454,2.9442361894024804,31.383616524400065,695.3221,0.5999608744179967,23.804828643798828,15.26817512512207,8.536669731140137
quinua,-5.85,-77.05,0,4.532300107233417,1655.4226141670051,2.1476767686325244,784.4389397430296,59.14881623449831,362.858727250765,0.0764736672572072,119.89306248993395,15.447680785955871,123.15789982283782,26.9,2.788347559993558,0.3000120792398132,0.0,2439.8616,1.4738610639282088,23.804828643798828,15.26817512512207,8.536669731140137
quinua,-0.45,-67.55,0,4.589706804005981,1676.3904101631847,3.7272431518682874,1361.3755612198916,39.85907553551296,362.06163633435335,32.09540988887099,280.29657956192625,166.02727291029152,29.860025769044935,9.5,0.0647084876791753,0.0029412948945079,0.0,3037.766,1.812087348902964,23.804828643798828,15.26817512512207,8.536669731140137
quinua,-8.85,-73.55,0,4.782448903113665,1746.789461862266,0.8320712818500315,303.91403569572407,62.502013206635525,364.7029191496215,9.34155258495732,302.77689644065066,141.29098284747946,121.9754992752456,37.5,3.714855451763569,0.6676739410533097,0.0,2050.7036,1.1739844532741517,23.804828643798828,15.26817512512207,8.536669731140137
quinua,0.15,-73.35,0,4.492528614173406,1640.896076326837,5.113346803721146,1867.6499200591488,40.46223224351747,364.0999536962473,8.406220808503784,272.813925350298,130.13171001771622,54.43160331776453,21.7,0.7970909164116604,0.0588258978901594,0.0,3508.5461,2.138189940504711,23.80210304260254,15.282699584960938,8.519414901733398
quinua,-2.95,-76.35,0,4.3416623619518,1585.7921777028946,3.8289354186803832,1398.51866167301,47.88935416331133,364.79704058624577,1.0029815590272184,248.1952870832662,72.74410533097117,79.40907956192623,15.8,0.6882630053148655,0.0176477693670478,0.0,2984.311,1.881909526997649,23.804828643798828,15.26817512512207,8.536669731140137
quinua,-1.25,-69.95,0,4.516880662849751,1649.7906621058714,5.606401516847533,2047.7381540285608,36.75471090352714,363.8558262200032,13.277005153808982,279.89362216137863,137.2967043807376,38.663321388307295,11.3,0.102945321307779,0.0029412948945079,0.0,3697.5288,2.241215226192664,23.804828643798828,15.26817512512207,8.536669731140137
quinua,-8.95,-70.25,0,4.7677535802687805,1741.4219951931725,1.1179935374200836,408.3471395426856,60.47270091802223,363.4734578837172,12.962286600096636,286.5791854565952,132.9288814623933,112.61041633113224,37.0,3.4501389112578518,0.8529755194073119,0.0,2149.769,1.2344910677437668,23.804828643798828,15.26817512512207,8.536669731140137
quinua,-11.85,-75.75,0,3.371826316295613,1231.5595620269728,-1.3959675994224707,-509.8771656890573,77.25962312771783,0.0,0.0,0.0,0.0,211.5673417619584,90.7,6.694387179900144,3.000120792398132,102.62177886938314,721.6824,0.5859905501421333,23.804828643798828,15.26817512512207,8.536669731140137
quinua,-9.85,-68.65,0,4.736671603617095,1730.0693032211434,0.4136740819084378,151.0944584170569,66.49299404090834,361.6910331776453,18.80075696569496,272.58450434852625,132.7818167176679,143.9293243678531,53.2,4.691365356740215,1.4353519085198905,0.0,1881.1637,1.087335368125523,23.804828643798828,15.26817512512207,8.536669731140137
quinua,-6.85,-67.65,0,4.695172199361549,1714.911645816806,2.025689609207788,739.8831297631444,53.90642615558061,362.55577387663067,17.48599814784989,280.7465976807859,139.87327870832664,89.75949629569978,30.2,2.14714527299082,0.3588379771299727,0.0,2454.795,1.4314439971479922,23.804828643798828,15.26817512512207,8.536669731140137
quinua,-16.85,-71.45,0,4.3014328755294455,1571.09835778713,-4.175337530333004,-1525.0420329541298,99.63842808825898,151.7031667740377,0.0,0.1882428732485102,0.0,352.59360806893216,357.3,3.697207682396521,2.3442120309228534,0.0,46.056324,0.0293148185757345,23.804828643798828,15.26817512512207,8.536669731140137
quinua,-15.65,-69.35,0,3.218158622483471,1175.4324368620878,-0.9999238702771251,-365.22219361872,77.53583507811241,0.0,0.0,0.0,0.0,236.4242249154453,116.7,7.506184570784344,3.1883636656466416,107.62786277983572,810.21027,0.6892869657271111,23.804828643798828,15.26817512512207,8.536669731140137
quinua,-9.65,-72.85,0,4.786432055600157,1748.2443083079572,0.7360262937553578,268.83360379414444,63.773554517635695,364.6264454823643,9.973930987276535,297.6678672088903,133.4583145434047,127.23747584152038,42.6,4.0619282493155096,0.9000362377194394,0.0,2017.0781,1.15377425210433,23.804828643798828,15.26817512512207,8.536669731140137
quinua,-5.15,-77.45,0,4.566214509305972,1667.809849524006,2.4547630864199848,896.6022173148995,56.99226928651956,365.0617571267515,1.3677021259462072,213.28505798035116,51.281476485746495,116.59587091319054,26.2,2.4765703011757125,0.2500100660331776,0.0,2564.412,1.5375953960791553,23.804828643798828,15.26817512512207,8.536669731140137
quinua,-1.15,-78.55,0,4.127510722006166,1507.5732912127517,-2.192059424450207,-800.6497047804381,85.65308423256563,171.61573320985664,0.0,3.2236592043807377,0.0617671927846674,247.2217184731841,53.5,9.288609276856176,2.2647970687711383,0.0,706.92365,0.4689145633445731,25.041919708251953,18.156789779663086,6.885112762451172
quinua,-13.85,-69.15,0,4.444411744265776,1623.3213895930746,2.668815908865313,974.7850107130556,54.23176034788211,338.55774883234005,0.0,21.547926397165405,1.3941737799967788,100.74817402158156,29.8,2.608928571428572,0.2735404251892414,0.0,2598.1064,1.6004883545135886,23.804828643798828,15.26817512512207,8.536669731140137
quinua,-8.05,-71.65,0,4.730467670771046,1727.8033167491242,1.2537214733632562,457.9217681459293,60.88097922370753,364.2264293767113,8.315040666774035,286.27329078756645,115.87525366403608,110.59268803349975,36.7,3.0795357545498465,0.6059067482686421,0.0,2185.7253,1.2650320288995354,23.804828643798828,15.26817512512207,8.536669731140137
quinua,-9.25,-77.45,0,3.059892586701175,1117.625767292604,-0.4866818144015875,-177.76053271017983,72.85472700918024,0.0,0.0,0.0,0.0,211.42910090191657,114.0,6.156130214205185,2.7795236753100334,10.147467386052504,939.86523,0.8409488879426652,23.804828643798828,15.26817512512207,8.536669731140137
quinua,-12.45,-69.25,0,4.727937077299012,1726.8790174834642,2.4074189974504985,879.3097888187946,59.40570140119182,363.5381663713964,19.13606458366887,296.5384099693992,161.64474351747464,115.8546645997745,32.8,3.5560255274601387,0.5117853116443871,0.0,2606.1887,1.5091900453551257,23.804828643798828,15.26817512512207,8.536669731140137
quinua,-6.95,-71.55,0,4.694836818576613,1714.7891479851078,1.8769914330055115,685.5711209052631,56.062973103559344,364.5940912385247,6.312018843614108,293.497111048478,121.80196287646964,97.83040948622968,31.0,1.9294894507972296,0.2411861813496537,0.0,2400.36,1.3997998566949374,23.804828643798828,15.26817512512207,8.536669731140137
quinua,-9.05,-76.15,0,4.26382304891667,1557.361368616814,7.127507791396409,2603.3222208075385,41.753905620872935,362.10869705266543,0.0029412948945079,54.53454863907231,2.1647930423578674,83.61807255596713,27.7,2.161851747463359,0.3029533741343211,0.0,4160.684,2.671629751986294,23.804828643798828,15.26817512512207,8.536669731140137
quinua,-5.85,-71.75,0,4.660375437641512,1702.2021285985622,2.3997751000962397,876.5178553101512,49.09647286197456,364.7382146883556,4.867843050410693,298.31201079078755,120.281313416009,68.94101103237236,21.2,0.9941576743436948,0.0676497825736833,0.0,2578.72,1.5149374695810591,23.804828643798828,15.26817512512207,8.536669731140137
quinua,-7.05,-69.25,0,4.713551679542179,1721.6247509527807,2.191087923585288,800.2948640895262,52.92881301336769,363.84994363021417,10.89161499436302,290.741117732324,127.97574086004188,88.82416451924624,29.2,2.205971170880979,0.3029533741343211,0.0,2521.9197,1.4648518129454522,23.804828643798828,15.26817512512207,8.536669731140137
quinua,-6.35,-72.35,0,4.666971422936503,1704.6113122275572,2.1219381316455235,775.0379025835273,50.25285875342245,364.6911539700435,4.782545498469963,294.15890239974226,119.87541472056692,74.62359276856176,22.7,1.244167740376872,0.0794149621517152,0.0,2479.6494,1.4546727490212938,23.804828643798828,15.26817512512207,8.536669731140137
quinua,1.35,-78.15,0,3.8556463430487424,1408.2748267985532,4.762815484366549,1739.6183556648818,38.927363504590105,336.5959051377033,0.0029412948945079,47.44014535351908,3.600144950877758,47.09895514575616,13.5,0.2647165405057175,0.0235303591560637,0.0,3147.893,2.235286485783582,25.51156234741211,19.098806381225586,6.412747859954834
quinua,-18.25,-69.25,0,3.354890238067985,1225.3736594543316,-2.433649846683503,-888.8906065011495,91.82315992913512,0.0,0.0,0.0,0.0,280.6936543726848,184.1,8.015028587534225,4.926668948300852,331.8339487034949,336.4831,0.2745966208138831,23.804828643798828,15.26817512512207,8.536669731140137
quinua,-14.95,-71.15,0,3.4688670792480663,1267.003700695356,-1.32887285115225,-485.3708088833593,77.01320663552907,0.0058825897890159,0.0,0.0,0.0,225.6679094862297,140.4,6.170836688677726,3.0148272668706717,201.93754227733933,781.63293,0.6169159647758512,23.804828643798828,15.26817512512207,8.536669731140137
quinua,-13.15,-73.15,0,3.4045340959695336,1243.5060785528722,0.8905423406626843,325.2705899270455,65.06683846029956,0.0029412948945079,0.0,0.0,0.0,176.19827065550004,60.4,6.067891367369946,1.8706635529070703,5.888472378804961,1568.7767,1.2615764255703814,23.804828643798828,15.26817512512207,8.536669731140137
quinua,-5.75,-74.15,0,4.690967259570755,1713.375791558218,1.963192046106159,717.0558948402744,55.893058463520696,364.9764595748108,6.929690771460781,315.59505959091643,158.67697696891608,89.82126348848445,20.9,1.5382972298276694,0.0852975519407312,0.0,2430.4316,1.4185052050224831,23.804828643798828,15.26817512512207,8.536669731140137
quinua,-17.85,-67.85,0,3.297743558230637,1204.5008346437403,-2.457874279488319,-897.7385805831082,92.56563053631824,0.0,0.0,0.0,0.0,281.1907332098566,153.8,8.320923256563052,4.832547511676597,198.5609357384442,306.76227,0.2546800710070506,23.804828643798828,15.26817512512207,8.536669731140137
